empleado_id,edad,departamento,cargo,antiguedad,salario,horas_extra,satisfaccion,evaluacion,distancia_km,desercion,desercion_label,rango_antiguedad
EMP-0006,44,Operaciones,Supervisor,18,1758.0,0,4,4.7,35,1,Renunció,11+ años
EMP-0008,32,Operaciones,Asistente,10,1762.0,0,1,4.5,2,1,Renunció,6-10 años
EMP-0011,45,Operaciones,Supervisor,6,2351.0,1,1,4.7,26,1,Renunció,6-10 años
EMP-0012,24,TI,Gerente,11,1757.0,1,1,3.6,51,1,Renunció,11+ años
EMP-0015,45,Ventas,Asistente,17,2643.0,1,2,2.2,17,1,Renunció,11+ años
EMP-0020,33,Operaciones,Coordinador,4,1998.0,1,1,2.5,41,1,Renunció,3-5 años
EMP-0021,43,TI,Analista,19,3162.0,1,2,4.5,43,1,Renunció,11+ años
EMP-0027,24,RRHH,Coordinador,11,2067.0,1,3,3.6,21,1,Renunció,11+ años
EMP-0028,28,TI,Coordinador,7,3162.0,0,4,3.0,21,1,Renunció,6-10 años
EMP-0030,30,Finanzas,Supervisor,13,2550.0,0,1,3.0,32,1,Renunció,11+ años
EMP-0033,46,Finanzas,Analista,6,2556.0,0,3,3.6,39,1,Renunció,6-10 años
EMP-0035,30,Finanzas,Asistente,3,2170.0,0,4,4.1,53,1,Renunció,3-5 años
EMP-0039,49,Operaciones,Gerente,3,2712.0,0,1,2.6,44,1,Renunció,3-5 años
EMP-0040,28,Marketing,Supervisor,17,4801.0,1,3,2.1,52,1,Renunció,11+ años
EMP-0044,38,Marketing,Analista,13,1511.0,0,1,2.4,41,1,Renunció,11+ años
EMP-0045,57,TI,Analista,4,1647.0,1,1,4.9,57,1,Renunció,3-5 años
EMP-0052,47,Marketing,Gerente,15,1500.0,1,3,3.5,33,1,Renunció,11+ años
EMP-0054,31,Finanzas,Analista,0,2216.0,1,1,2.0,44,1,Renunció,
EMP-0058,36,TI,Gerente,8,2690.0,0,1,2.3,59,1,Renunció,6-10 años
EMP-0060,35,Ventas,Supervisor,15,2451.0,1,4,4.2,34,1,Renunció,11+ años
EMP-0062,42,Ventas,Coordinador,18,1500.0,0,4,2.6,31,1,Renunció,11+ años
EMP-0076,29,Marketing,Supervisor,17,3730.0,1,1,5.0,1,1,Renunció,11+ años
EMP-0079,38,Finanzas,Asistente,8,2472.0,0,1,3.2,24,1,Renunció,6-10 años
EMP-0081,56,Operaciones,Analista,11,2053.0,0,1,4.3,36,1,Renunció,11+ años
EMP-0087,30,RRHH,Analista,17,4542.0,0,2,3.0,15,1,Renunció,11+ años
EMP-0091,54,Marketing,Gerente,7,2947.0,0,2,4.0,35,1,Renunció,6-10 años
EMP-0093,45,Operaciones,Asistente,12,2695.0,0,1,4.3,38,1,Renunció,11+ años
EMP-0095,43,RRHH,Asistente,16,3028.0,1,1,3.6,36,1,Renunció,11+ años
EMP-0101,24,Ventas,Analista,3,2051.0,1,3,3.2,29,1,Renunció,3-5 años
EMP-0103,26,Operaciones,Supervisor,7,2512.0,0,3,2.5,59,1,Renunció,6-10 años
EMP-0105,35,Operaciones,Asistente,5,3257.0,0,1,3.9,39,1,Renunció,3-5 años
EMP-0107,30,Finanzas,Asistente,2,3301.0,1,1,3.1,4,1,Renunció,0-2 años
EMP-0114,25,Operaciones,Coordinador,7,1983.0,1,1,4.1,25,1,Renunció,6-10 años
EMP-0115,51,TI,Gerente,5,1500.0,0,3,4.5,14,1,Renunció,3-5 años
EMP-0117,36,Ventas,Supervisor,2,2094.0,0,4,3.5,29,1,Renunció,0-2 años
EMP-0119,57,Marketing,Coordinador,2,2572.0,1,3,3.9,22,1,Renunció,0-2 años
EMP-0121,53,Finanzas,Supervisor,16,2923.0,1,1,3.7,56,1,Renunció,11+ años
EMP-0123,43,Finanzas,Supervisor,19,1843.0,1,2,2.3,59,1,Renunció,11+ años
EMP-0124,49,Ventas,Coordinador,8,2220.0,1,4,4.9,39,1,Renunció,6-10 años
EMP-0125,23,Ventas,Gerente,19,2660.0,0,4,4.4,26,1,Renunció,11+ años
EMP-0127,49,Marketing,Supervisor,3,2660.0,1,4,3.7,36,1,Renunció,3-5 años
EMP-0129,41,TI,Supervisor,12,3060.0,0,1,2.1,16,1,Renunció,11+ años
EMP-0130,51,Operaciones,Gerente,9,2051.0,0,1,2.8,58,1,Renunció,6-10 años
EMP-0132,49,TI,Supervisor,16,1935.0,0,2,4.6,59,1,Renunció,11+ años
EMP-0138,24,TI,Asistente,0,3136.0,0,1,4.3,30,1,Renunció,
EMP-0142,30,TI,Gerente,16,2235.0,1,2,4.7,25,1,Renunció,11+ años
EMP-0143,54,Operaciones,Coordinador,7,2829.0,0,2,2.3,56,1,Renunció,6-10 años
EMP-0145,36,Operaciones,Analista,12,3370.0,0,2,3.9,41,1,Renunció,11+ años
EMP-0147,53,Finanzas,Asistente,7,2653.0,0,4,2.9,25,1,Renunció,6-10 años
EMP-0149,33,TI,Gerente,14,7124.0,0,1,4.4,18,1,Renunció,11+ años
EMP-0151,24,Operaciones,Analista,6,1903.0,0,4,3.6,23,1,Renunció,6-10 años
EMP-0154,23,Ventas,Gerente,15,1500.0,0,3,3.5,39,1,Renunció,11+ años
EMP-0156,44,Marketing,Coordinador,17,2155.0,0,2,3.1,10,1,Renunció,11+ años
EMP-0157,53,Finanzas,Coordinador,16,2415.0,0,3,2.4,30,1,Renunció,11+ años
EMP-0161,23,TI,Gerente,13,3802.0,0,1,3.7,13,1,Renunció,11+ años
EMP-0162,47,RRHH,Coordinador,17,2885.0,0,1,2.1,54,1,Renunció,11+ años
EMP-0164,27,Marketing,Analista,10,2961.0,1,1,3.2,38,1,Renunció,6-10 años
EMP-0167,32,Ventas,Gerente,7,3450.0,0,1,3.9,9,1,Renunció,6-10 años
EMP-0171,55,RRHH,Coordinador,8,3053.0,0,1,3.3,37,1,Renunció,6-10 años
EMP-0172,27,Ventas,Analista,19,1500.0,1,2,3.3,9,1,Renunció,11+ años
EMP-0175,37,Ventas,Coordinador,19,2290.0,1,4,3.6,40,1,Renunció,11+ años
EMP-0176,54,Ventas,Gerente,0,1907.0,0,4,3.3,54,1,Renunció,
EMP-0184,40,Operaciones,Asistente,1,1688.0,1,1,3.1,7,1,Renunció,0-2 años
EMP-0198,52,Operaciones,Gerente,9,2891.0,1,2,4.6,17,1,Renunció,6-10 años
EMP-0199,51,TI,Supervisor,18,1500.0,1,2,2.8,54,1,Renunció,11+ años
EMP-0204,23,Marketing,Coordinador,0,2903.0,0,1,4.2,52,1,Renunció,
EMP-0206,33,Marketing,Gerente,5,3259.0,0,3,2.1,19,1,Renunció,3-5 años
EMP-0210,56,Ventas,Supervisor,12,1816.0,0,3,4.4,29,1,Renunció,11+ años
EMP-0211,40,RRHH,Asistente,18,2466.0,0,3,4.2,55,1,Renunció,11+ años
EMP-0215,45,Marketing,Supervisor,2,1500.0,0,4,4.6,49,1,Renunció,0-2 años
EMP-0218,32,Finanzas,Asistente,16,1500.0,0,1,3.1,58,1,Renunció,11+ años
EMP-0220,57,Operaciones,Asistente,1,2850.0,1,1,2.3,42,1,Renunció,0-2 años
EMP-0230,56,RRHH,Gerente,4,2983.0,0,1,2.5,20,1,Renunció,3-5 años
EMP-0231,37,Operaciones,Coordinador,18,2876.0,1,2,2.4,16,1,Renunció,11+ años
EMP-0232,57,Marketing,Supervisor,19,2639.0,1,4,2.6,37,1,Renunció,11+ años
EMP-0233,54,TI,Asistente,3,1717.0,0,2,3.1,3,1,Renunció,3-5 años
EMP-0241,24,Ventas,Analista,3,2366.0,1,2,2.7,23,1,Renunció,3-5 años
EMP-0246,43,Marketing,Coordinador,7,3483.0,0,1,3.9,54,1,Renunció,6-10 años
EMP-0248,29,Finanzas,Gerente,9,3082.0,0,1,2.8,41,1,Renunció,6-10 años
EMP-0250,48,TI,Gerente,15,1500.0,1,1,3.3,47,1,Renunció,11+ años
EMP-0260,56,Marketing,Analista,8,2462.0,0,2,4.1,55,1,Renunció,6-10 años
EMP-0268,50,Finanzas,Coordinador,9,2584.0,1,4,4.8,33,1,Renunció,6-10 años
EMP-0270,56,Ventas,Asistente,19,2044.0,0,4,3.8,5,1,Renunció,11+ años
EMP-0272,42,RRHH,Gerente,9,2611.0,1,1,2.5,9,1,Renunció,6-10 años
EMP-0275,54,Finanzas,Gerente,4,1620.0,0,1,3.5,28,1,Renunció,3-5 años
EMP-0277,39,Marketing,Asistente,15,2128.0,0,2,4.5,26,1,Renunció,11+ años
EMP-0280,24,Marketing,Asistente,2,2317.0,1,2,3.9,15,1,Renunció,0-2 años
EMP-0281,45,Finanzas,Coordinador,11,2182.0,1,4,4.5,6,1,Renunció,11+ años
EMP-0285,23,Marketing,Asistente,1,2607.0,0,3,2.6,11,1,Renunció,0-2 años
EMP-0286,48,RRHH,Coordinador,17,2400.0,1,3,3.0,21,1,Renunció,11+ años
EMP-0288,47,Operaciones,Coordinador,11,2283.0,1,3,3.7,18,1,Renunció,11+ años
EMP-0290,54,TI,Gerente,15,1500.0,0,4,4.8,3,1,Renunció,11+ años
EMP-0291,30,Operaciones,Gerente,15,4403.0,1,1,3.0,12,1,Renunció,11+ años
EMP-0293,47,TI,Gerente,1,3191.0,0,1,3.5,53,1,Renunció,0-2 años
EMP-0295,46,Ventas,Coordinador,19,2066.0,1,4,3.6,21,1,Renunció,11+ años
EMP-0298,28,TI,Analista,0,1500.0,1,2,2.8,38,1,Renunció,
EMP-0301,22,RRHH,Asistente,14,1500.0,1,1,4.3,18,1,Renunció,11+ años
EMP-0304,35,Finanzas,Supervisor,14,2721.0,1,1,3.6,48,1,Renunció,11+ años
EMP-0311,53,Operaciones,Gerente,11,2931.0,0,1,2.5,57,1,Renunció,11+ años
EMP-0316,43,Finanzas,Gerente,7,1973.0,0,1,2.9,11,1,Renunció,6-10 años
EMP-0318,36,RRHH,Gerente,7,1730.0,0,1,4.5,52,1,Renunció,6-10 años
EMP-0323,27,Marketing,Analista,7,2523.0,0,2,2.6,58,1,Renunció,6-10 años
EMP-0327,37,Ventas,Asistente,4,2686.0,1,1,3.5,9,1,Renunció,3-5 años
EMP-0328,34,TI,Asistente,12,2864.0,1,4,3.2,54,1,Renunció,11+ años
EMP-0330,40,Ventas,Supervisor,4,2543.0,1,2,2.4,45,1,Renunció,3-5 años
EMP-0333,49,Ventas,Asistente,1,2187.0,1,4,3.2,52,1,Renunció,0-2 años
EMP-0337,30,Operaciones,Coordinador,10,2576.0,0,4,3.1,27,1,Renunció,6-10 años
EMP-0341,55,Operaciones,Supervisor,12,1692.0,1,4,2.0,55,1,Renunció,11+ años
EMP-0342,53,TI,Supervisor,7,1548.0,1,1,3.9,27,1,Renunció,6-10 años
EMP-0343,46,Ventas,Coordinador,8,2361.0,0,1,3.8,46,1,Renunció,6-10 años
EMP-0346,26,Operaciones,Analista,1,4776.0,1,4,2.7,28,1,Renunció,0-2 años
EMP-0351,47,Ventas,Supervisor,4,3184.0,1,2,2.9,40,1,Renunció,3-5 años
EMP-0353,43,Operaciones,Analista,0,1500.0,0,2,3.4,31,1,Renunció,
EMP-0354,50,TI,Supervisor,0,2142.0,0,1,3.5,58,1,Renunció,
EMP-0361,37,Operaciones,Coordinador,12,2447.0,0,2,2.7,52,1,Renunció,11+ años
EMP-0370,26,Ventas,Asistente,16,1588.0,0,3,4.5,14,1,Renunció,11+ años
EMP-0378,26,Finanzas,Coordinador,14,2103.0,0,2,4.5,46,1,Renunció,11+ años
EMP-0380,37,Ventas,Analista,14,1979.0,0,1,4.2,56,1,Renunció,11+ años
EMP-0386,48,TI,Coordinador,16,3067.0,0,3,5.0,20,1,Renunció,11+ años
EMP-0388,45,TI,Supervisor,14,1500.0,0,3,2.8,33,1,Renunció,11+ años
EMP-0391,54,Operaciones,Coordinador,5,1767.0,1,2,3.0,8,1,Renunció,3-5 años
EMP-0392,54,Finanzas,Gerente,5,1637.0,1,4,2.5,9,1,Renunció,3-5 años
EMP-0395,22,RRHH,Asistente,3,1778.0,1,4,3.7,52,1,Renunció,3-5 años
EMP-0400,33,Ventas,Analista,6,1500.0,0,4,4.3,17,1,Renunció,6-10 años
EMP-0401,52,Operaciones,Gerente,11,2560.0,1,1,2.7,53,1,Renunció,11+ años
EMP-0407,29,Finanzas,Supervisor,2,2592.0,0,1,5.0,6,1,Renunció,0-2 años
EMP-0413,28,RRHH,Supervisor,2,2039.0,1,4,4.5,57,1,Renunció,0-2 años
EMP-0417,57,TI,Asistente,16,4664.0,1,2,3.9,59,1,Renunció,11+ años
EMP-0418,46,RRHH,Analista,6,2294.0,0,2,4.4,22,1,Renunció,6-10 años
EMP-0420,57,Marketing,Supervisor,17,2877.0,0,2,3.4,30,1,Renunció,11+ años
EMP-0424,56,Marketing,Supervisor,12,2040.0,1,2,3.9,58,1,Renunció,11+ años
EMP-0428,53,Marketing,Analista,15,2450.0,0,4,2.1,42,1,Renunció,11+ años
EMP-0431,53,Operaciones,Gerente,3,2493.0,0,1,3.0,1,1,Renunció,3-5 años
EMP-0432,33,TI,Gerente,7,1500.0,0,2,2.2,13,1,Renunció,6-10 años
EMP-0434,44,Finanzas,Analista,15,1866.0,1,1,4.3,15,1,Renunció,11+ años
EMP-0437,51,Ventas,Coordinador,12,2372.0,0,4,3.2,43,1,Renunció,11+ años
EMP-0439,41,Marketing,Asistente,2,1793.0,0,1,3.0,14,1,Renunció,0-2 años
EMP-0441,43,Ventas,Gerente,14,2640.0,0,4,3.7,47,1,Renunció,11+ años
EMP-0442,34,Operaciones,Asistente,10,5155.0,1,3,4.7,14,1,Renunció,6-10 años
EMP-0443,40,Ventas,Analista,8,4070.0,0,2,3.8,48,1,Renunció,6-10 años
EMP-0444,57,Operaciones,Asistente,6,3170.0,0,1,3.5,55,1,Renunció,6-10 años
EMP-0445,33,Operaciones,Gerente,12,3198.0,0,1,4.4,29,1,Renunció,11+ años
EMP-0455,26,Ventas,Gerente,9,2503.0,1,1,4.5,57,1,Renunció,6-10 años
EMP-0468,50,TI,Asistente,3,3921.0,1,3,3.0,24,1,Renunció,3-5 años
EMP-0470,39,Marketing,Coordinador,9,2092.0,1,1,4.7,20,1,Renunció,6-10 años
EMP-0472,30,Ventas,Asistente,14,2269.0,0,2,3.1,7,1,Renunció,11+ años
EMP-0473,31,TI,Supervisor,7,2362.0,0,3,2.8,58,1,Renunció,6-10 años
EMP-0478,48,TI,Asistente,5,1500.0,1,1,3.2,12,1,Renunció,3-5 años
EMP-0489,25,TI,Gerente,18,2885.0,0,1,2.3,28,1,Renunció,11+ años
EMP-0491,27,RRHH,Analista,5,2367.0,1,1,4.1,41,1,Renunció,3-5 años
EMP-0492,52,Marketing,Analista,2,2301.0,0,2,2.2,54,1,Renunció,0-2 años
EMP-0494,48,Marketing,Asistente,19,1919.0,0,2,4.4,31,1,Renunció,11+ años
EMP-0495,31,Operaciones,Analista,15,2714.0,0,3,4.4,41,1,Renunció,11+ años
EMP-0496,47,Finanzas,Asistente,10,1885.0,0,1,2.7,36,1,Renunció,6-10 años
EMP-0499,34,Operaciones,Asistente,2,1920.0,1,3,3.9,1,1,Renunció,0-2 años
EMP-0500,49,Ventas,Gerente,8,3787.0,0,2,4.6,50,1,Renunció,6-10 años
EMP-0501,41,TI,Asistente,11,1702.0,1,1,2.2,29,1,Renunció,11+ años
EMP-0503,29,TI,Analista,0,1760.0,0,2,3.5,8,1,Renunció,
EMP-0506,34,Marketing,Analista,8,2133.0,0,2,4.8,58,1,Renunció,6-10 años
EMP-0508,46,Marketing,Coordinador,9,1500.0,1,2,2.1,22,1,Renunció,6-10 años
EMP-0514,42,Ventas,Supervisor,1,2353.0,1,4,4.6,25,1,Renunció,0-2 años
EMP-0519,41,TI,Asistente,13,4701.0,1,4,3.7,34,1,Renunció,11+ años
EMP-0522,36,Marketing,Supervisor,8,1655.0,0,4,3.9,10,1,Renunció,6-10 años
EMP-0523,52,Operaciones,Analista,13,3365.0,1,1,2.9,47,1,Renunció,11+ años
EMP-0524,22,TI,Gerente,2,7775.0,1,2,4.3,57,1,Renunció,0-2 años
EMP-0531,53,Ventas,Coordinador,10,1939.0,0,1,2.0,42,1,Renunció,6-10 años
EMP-0535,45,Marketing,Analista,1,2188.0,0,2,2.9,46,1,Renunció,0-2 años
EMP-0536,49,Marketing,Supervisor,11,2690.0,1,3,2.2,26,1,Renunció,11+ años
EMP-0538,49,Finanzas,Supervisor,17,2610.0,1,2,2.3,10,1,Renunció,11+ años
EMP-0540,47,RRHH,Gerente,15,2517.0,1,3,2.2,53,1,Renunció,11+ años
EMP-0546,38,Finanzas,Asistente,5,1500.0,1,3,2.4,9,1,Renunció,3-5 años
EMP-0548,54,Finanzas,Coordinador,10,2209.0,1,2,2.0,48,1,Renunció,6-10 años
EMP-0549,41,TI,Analista,14,4641.0,1,4,2.6,10,1,Renunció,11+ años
EMP-0551,49,Ventas,Asistente,15,2137.0,1,1,3.1,54,1,Renunció,11+ años
EMP-0559,23,Operaciones,Gerente,7,1833.0,1,3,4.8,24,1,Renunció,6-10 años
EMP-0560,31,TI,Asistente,6,1762.0,0,1,3.1,29,1,Renunció,6-10 años
EMP-0565,39,RRHH,Supervisor,12,2445.0,0,1,4.1,40,1,Renunció,11+ años
EMP-0566,53,Marketing,Coordinador,10,2215.0,0,4,2.5,7,1,Renunció,6-10 años
EMP-0567,32,TI,Supervisor,16,2231.0,0,2,2.4,28,1,Renunció,11+ años
EMP-0569,47,RRHH,Supervisor,3,1500.0,0,1,3.2,20,1,Renunció,3-5 años
EMP-0570,46,RRHH,Gerente,7,1987.0,1,1,4.1,44,1,Renunció,6-10 años
EMP-0573,34,TI,Supervisor,3,2016.0,1,4,2.0,7,1,Renunció,3-5 años
EMP-0574,54,TI,Gerente,14,1500.0,0,2,3.8,6,1,Renunció,11+ años
EMP-0581,38,Ventas,Analista,12,2669.0,0,3,3.3,22,1,Renunció,11+ años
EMP-0586,44,Ventas,Coordinador,3,2750.0,1,4,2.9,34,1,Renunció,3-5 años
EMP-0587,31,Operaciones,Asistente,14,2603.0,0,3,5.0,8,1,Renunció,11+ años
EMP-0588,31,Marketing,Asistente,13,1687.0,1,4,2.2,49,1,Renunció,11+ años
EMP-0589,40,Marketing,Analista,19,1500.0,1,4,4.0,45,1,Renunció,11+ años
EMP-0590,38,RRHH,Asistente,18,5013.0,1,4,3.3,18,1,Renunció,11+ años
EMP-0591,42,Operaciones,Coordinador,12,1500.0,0,3,3.3,24,1,Renunció,11+ años
EMP-0592,35,Ventas,Asistente,9,1500.0,1,4,3.4,54,1,Renunció,6-10 años
EMP-0593,30,Operaciones,Coordinador,4,2571.0,1,1,2.8,42,1,Renunció,3-5 años
EMP-0596,25,Finanzas,Asistente,5,3040.0,0,1,2.8,27,1,Renunció,3-5 años
EMP-0611,38,Operaciones,Analista,14,1500.0,0,1,2.0,26,1,Renunció,11+ años
EMP-0613,36,Marketing,Coordinador,8,2703.0,0,4,2.3,50,1,Renunció,6-10 años
EMP-0618,55,Marketing,Supervisor,5,2438.0,1,3,3.9,48,1,Renunció,3-5 años
EMP-0620,39,Marketing,Analista,14,1906.0,0,4,4.1,19,1,Renunció,11+ años
EMP-0622,36,Finanzas,Analista,19,1959.0,1,4,4.5,46,1,Renunció,11+ años
EMP-0625,54,Finanzas,Supervisor,17,2022.0,0,4,2.6,49,1,Renunció,11+ años
EMP-0627,36,TI,Asistente,4,2635.0,0,1,3.4,40,1,Renunció,3-5 años
EMP-0628,51,Finanzas,Analista,19,1707.0,0,3,3.8,50,1,Renunció,11+ años
EMP-0629,38,Ventas,Gerente,10,8409.0,0,4,2.3,47,1,Renunció,6-10 años
EMP-0632,25,TI,Gerente,11,3456.0,1,3,3.6,41,1,Renunció,11+ años
EMP-0633,31,TI,Asistente,1,2314.0,0,4,4.9,38,1,Renunció,0-2 años
EMP-0637,41,TI,Gerente,9,1500.0,1,3,3.8,26,1,Renunció,6-10 años
EMP-0639,26,Finanzas,Asistente,3,1500.0,0,1,4.9,14,1,Renunció,3-5 años
EMP-0646,37,Finanzas,Coordinador,9,1500.0,0,2,2.8,15,1,Renunció,6-10 años
EMP-0648,32,Finanzas,Gerente,1,2560.0,1,2,2.8,18,1,Renunció,0-2 años
EMP-0649,37,TI,Gerente,16,2232.0,0,2,3.5,14,1,Renunció,11+ años
EMP-0655,53,TI,Coordinador,0,1500.0,0,2,4.9,10,1,Renunció,
EMP-0658,50,Finanzas,Gerente,6,2817.0,1,4,4.2,34,1,Renunció,6-10 años
EMP-0659,53,Operaciones,Analista,14,7984.0,0,1,4.9,28,1,Renunció,11+ años
EMP-0660,40,Finanzas,Coordinador,17,3753.0,0,3,2.5,27,1,Renunció,11+ años
EMP-0665,43,Finanzas,Coordinador,0,2285.0,1,4,4.0,7,1,Renunció,
EMP-0668,22,Ventas,Supervisor,6,1871.0,0,1,2.2,5,1,Renunció,6-10 años
EMP-0675,48,Ventas,Gerente,7,3152.0,1,1,3.2,51,1,Renunció,6-10 años
EMP-0681,47,Operaciones,Analista,11,2283.0,0,2,2.9,17,1,Renunció,11+ años
EMP-0685,56,Marketing,Asistente,1,2436.0,1,1,2.8,20,1,Renunció,0-2 años
EMP-0686,36,Ventas,Asistente,16,2831.0,0,2,3.5,33,1,Renunció,11+ años
EMP-0687,43,Ventas,Supervisor,15,2853.0,0,1,4.4,42,1,Renunció,11+ años
EMP-0702,36,Ventas,Coordinador,19,3336.0,0,1,4.1,42,1,Renunció,11+ años
EMP-0703,46,Finanzas,Coordinador,17,3401.0,1,4,3.1,10,1,Renunció,11+ años
EMP-0705,31,Finanzas,Coordinador,8,2216.0,1,3,2.5,52,1,Renunció,6-10 años
EMP-0706,38,TI,Asistente,15,2737.0,0,1,2.8,29,1,Renunció,11+ años
EMP-0707,43,Marketing,Supervisor,1,3071.0,0,2,2.5,16,1,Renunció,0-2 años
EMP-0709,46,RRHH,Coordinador,11,1659.0,0,2,3.2,17,1,Renunció,11+ años
EMP-0711,34,RRHH,Asistente,8,1644.0,0,2,2.0,26,1,Renunció,6-10 años
EMP-0712,41,RRHH,Supervisor,11,2504.0,0,1,2.5,53,1,Renunció,11+ años
EMP-0715,31,RRHH,Asistente,1,1500.0,1,1,3.5,53,1,Renunció,0-2 años
EMP-0716,24,TI,Supervisor,15,2077.0,0,2,3.4,21,1,Renunció,11+ años
EMP-0719,43,Marketing,Asistente,1,3194.0,0,4,3.3,40,1,Renunció,0-2 años
EMP-0720,55,Marketing,Gerente,0,2774.0,1,1,2.7,21,1,Renunció,
EMP-0727,54,TI,Asistente,11,2465.0,1,1,2.6,7,1,Renunció,11+ años
EMP-0729,42,RRHH,Coordinador,19,1500.0,1,4,3.6,1,1,Renunció,11+ años
EMP-0732,25,Marketing,Coordinador,13,3557.0,1,2,3.5,6,1,Renunció,11+ años
EMP-0738,30,TI,Supervisor,11,2666.0,0,4,4.6,48,1,Renunció,11+ años
EMP-0741,57,TI,Supervisor,12,3141.0,0,1,3.3,37,1,Renunció,11+ años
EMP-0742,45,Finanzas,Analista,3,1894.0,0,1,4.9,31,1,Renunció,3-5 años
EMP-0746,41,TI,Gerente,0,2574.0,0,4,2.5,48,1,Renunció,
EMP-0747,49,Marketing,Gerente,12,2129.0,0,2,4.8,6,1,Renunció,11+ años
EMP-0753,23,TI,Asistente,12,2614.0,0,1,3.7,44,1,Renunció,11+ años
EMP-0758,26,RRHH,Gerente,18,2427.0,1,3,4.9,29,1,Renunció,11+ años
EMP-0760,47,Operaciones,Coordinador,6,4028.0,1,2,4.1,9,1,Renunció,6-10 años
EMP-0761,25,TI,Coordinador,13,3046.0,1,4,2.9,11,1,Renunció,11+ años
EMP-0762,40,Ventas,Asistente,5,2120.0,0,2,4.7,11,1,Renunció,3-5 años
EMP-0767,22,Operaciones,Analista,13,1646.0,0,2,4.4,46,1,Renunció,11+ años
EMP-0772,34,Ventas,Gerente,16,1500.0,0,2,3.5,10,1,Renunció,11+ años
EMP-0782,23,Finanzas,Coordinador,14,2216.0,0,2,4.1,1,1,Renunció,11+ años
EMP-0783,41,Marketing,Supervisor,10,1500.0,0,3,4.8,58,1,Renunció,6-10 años
EMP-0784,22,Finanzas,Supervisor,0,1897.0,0,1,3.1,54,1,Renunció,
EMP-0787,30,Marketing,Analista,18,1542.0,0,1,4.8,5,1,Renunció,11+ años
EMP-0788,32,Operaciones,Analista,13,2474.0,0,1,2.8,49,1,Renunció,11+ años
EMP-0790,45,Marketing,Supervisor,12,1717.0,0,2,4.6,26,1,Renunció,11+ años
EMP-0794,26,Marketing,Asistente,8,2122.0,1,1,2.2,48,1,Renunció,6-10 años
EMP-0798,55,TI,Gerente,4,2087.0,1,2,3.7,39,1,Renunció,3-5 años
EMP-0799,33,TI,Analista,7,2241.0,0,3,3.5,55,1,Renunció,6-10 años
EMP-0800,56,Finanzas,Analista,0,4126.0,0,1,4.1,34,1,Renunció,
EMP-0801,56,Finanzas,Analista,19,1500.0,1,1,3.9,31,1,Renunció,11+ años
EMP-0803,43,RRHH,Asistente,10,2576.0,0,3,3.3,51,1,Renunció,6-10 años
EMP-0804,50,TI,Analista,6,1789.0,0,2,2.4,44,1,Renunció,6-10 años
EMP-0810,42,Finanzas,Gerente,13,2370.0,0,4,2.2,5,1,Renunció,11+ años
EMP-0811,26,Finanzas,Analista,2,2040.0,0,1,4.7,11,1,Renunció,0-2 años
EMP-0813,35,RRHH,Supervisor,14,3686.0,1,1,4.9,25,1,Renunció,11+ años
EMP-0815,25,RRHH,Analista,16,1530.0,1,1,3.2,35,1,Renunció,11+ años
EMP-0821,53,TI,Gerente,18,4877.0,1,3,3.0,32,1,Renunció,11+ años
EMP-0822,54,TI,Coordinador,0,1748.0,1,1,4.3,35,1,Renunció,
EMP-0824,36,Operaciones,Analista,2,2314.0,1,1,4.7,45,1,Renunció,0-2 años
EMP-0828,54,Operaciones,Analista,19,2310.0,0,1,2.6,42,1,Renunció,11+ años
EMP-0831,27,TI,Asistente,8,1882.0,1,1,4.0,18,1,Renunció,6-10 años
EMP-0836,36,Marketing,Coordinador,5,1500.0,1,4,4.6,9,1,Renunció,3-5 años
EMP-0838,54,RRHH,Coordinador,10,2571.0,1,1,2.4,26,1,Renunció,6-10 años
EMP-0839,51,TI,Supervisor,12,2869.0,1,2,2.7,38,1,Renunció,11+ años
EMP-0840,48,Ventas,Analista,12,1694.0,1,2,3.9,25,1,Renunció,11+ años
EMP-0845,54,Marketing,Gerente,18,1821.0,1,4,4.2,41,1,Renunció,11+ años
EMP-0856,45,Finanzas,Coordinador,18,2132.0,0,3,3.7,46,1,Renunció,11+ años
EMP-0865,48,Operaciones,Asistente,10,2843.0,1,2,3.5,15,1,Renunció,6-10 años
EMP-0869,47,TI,Gerente,18,2088.0,1,2,3.3,40,1,Renunció,11+ años
EMP-0870,48,Marketing,Coordinador,5,1500.0,1,3,3.4,1,1,Renunció,3-5 años
EMP-0878,47,TI,Analista,7,2581.0,0,3,4.5,20,1,Renunció,6-10 años
EMP-0892,30,TI,Analista,4,3122.0,1,3,4.2,11,1,Renunció,3-5 años
EMP-0896,32,TI,Gerente,19,2203.0,1,4,4.3,11,1,Renunció,11+ años
EMP-0898,22,TI,Supervisor,10,5222.0,0,2,3.4,49,1,Renunció,6-10 años
EMP-0902,44,RRHH,Asistente,10,2080.0,1,2,4.0,15,1,Renunció,6-10 años
EMP-0903,22,Ventas,Coordinador,8,4593.0,1,2,3.6,19,1,Renunció,6-10 años
EMP-0904,36,Marketing,Gerente,12,3202.0,1,3,3.5,22,1,Renunció,11+ años
EMP-0905,42,RRHH,Asistente,17,1831.0,0,2,2.8,34,1,Renunció,11+ años
EMP-0910,56,TI,Analista,3,4046.0,1,2,2.1,56,1,Renunció,3-5 años
EMP-0912,47,Finanzas,Gerente,13,2419.0,0,1,2.2,10,1,Renunció,11+ años
EMP-0915,28,Finanzas,Supervisor,2,1529.0,0,4,3.9,18,1,Renunció,0-2 años
EMP-0916,39,Operaciones,Supervisor,15,2303.0,1,2,2.1,51,1,Renunció,11+ años
EMP-0920,38,TI,Gerente,14,1694.0,1,1,3.8,14,1,Renunció,11+ años
EMP-0921,45,Operaciones,Supervisor,13,2397.0,0,4,2.1,56,1,Renunció,11+ años
EMP-0924,27,Operaciones,Analista,9,2363.0,0,1,4.6,58,1,Renunció,6-10 años
EMP-0929,47,Marketing,Coordinador,6,1500.0,0,2,4.3,12,1,Renunció,6-10 años
EMP-0930,49,Finanzas,Coordinador,16,1888.0,0,1,4.9,34,1,Renunció,11+ años
EMP-0932,28,Ventas,Supervisor,16,1500.0,0,1,2.9,5,1,Renunció,11+ años
EMP-0935,41,Operaciones,Supervisor,9,2039.0,0,3,2.8,19,1,Renunció,6-10 años
EMP-0949,51,RRHH,Coordinador,3,2188.0,1,1,4.2,16,1,Renunció,3-5 años
EMP-0951,40,RRHH,Gerente,6,2764.0,1,1,3.4,24,1,Renunció,6-10 años
EMP-0952,39,Ventas,Supervisor,17,1713.0,0,2,5.0,35,1,Renunció,11+ años
EMP-0953,22,Marketing,Coordinador,8,2698.0,0,1,4.9,44,1,Renunció,6-10 años
EMP-0954,35,Marketing,Coordinador,2,3374.0,0,3,4.6,51,1,Renunció,0-2 años
EMP-0958,25,Ventas,Analista,17,2464.0,1,3,2.0,33,1,Renunció,11+ años
EMP-0966,40,Marketing,Analista,3,1500.0,1,4,3.1,51,1,Renunció,3-5 años
EMP-0967,55,TI,Coordinador,4,1500.0,1,2,2.4,54,1,Renunció,3-5 años
EMP-0969,44,Finanzas,Analista,6,2675.0,1,3,4.4,48,1,Renunció,6-10 años
EMP-0970,49,Finanzas,Supervisor,15,2394.0,0,1,3.2,44,1,Renunció,11+ años
EMP-0972,28,Operaciones,Coordinador,15,8870.0,1,1,4.0,41,1,Renunció,11+ años
EMP-0975,22,TI,Coordinador,3,1500.0,0,1,2.3,18,1,Renunció,3-5 años
EMP-0976,24,Finanzas,Asistente,10,3721.0,0,3,3.9,19,1,Renunció,6-10 años
EMP-0977,45,Operaciones,Supervisor,1,3437.0,1,3,2.0,7,1,Renunció,0-2 años
EMP-0979,29,TI,Gerente,11,1763.0,0,1,4.7,19,1,Renunció,11+ años
EMP-0980,24,Operaciones,Asistente,3,2822.0,1,1,3.6,24,1,Renunció,3-5 años
EMP-0983,29,RRHH,Gerente,0,3616.0,1,3,4.8,42,1,Renunció,
EMP-0984,55,Ventas,Asistente,12,1964.0,1,2,4.6,23,1,Renunció,11+ años
EMP-0989,53,Marketing,Analista,18,2678.0,0,2,3.1,4,1,Renunció,11+ años
EMP-0992,42,Operaciones,Analista,4,4389.0,0,3,4.9,44,1,Renunció,3-5 años
EMP-0996,28,Ventas,Supervisor,4,2866.0,1,1,2.1,37,1,Renunció,3-5 años
EMP-0999,54,Marketing,Supervisor,8,1931.0,1,4,2.6,11,1,Renunció,6-10 años
EMP-1003,40,Marketing,Gerente,14,1683.0,1,2,2.8,25,1,Renunció,11+ años
EMP-1004,57,Operaciones,Analista,1,2324.0,0,4,3.5,18,1,Renunció,0-2 años
EMP-1011,32,Ventas,Supervisor,10,3242.0,1,2,4.9,50,1,Renunció,6-10 años
EMP-1017,26,Operaciones,Analista,11,3873.0,0,2,3.7,30,1,Renunció,11+ años
EMP-1018,51,RRHH,Supervisor,10,2296.0,1,2,2.6,30,1,Renunció,6-10 años
EMP-1020,55,TI,Asistente,17,2590.0,0,1,5.0,31,1,Renunció,11+ años
EMP-1022,43,RRHH,Analista,16,1500.0,0,4,4.2,48,1,Renunció,11+ años
EMP-1024,38,Finanzas,Asistente,1,1500.0,1,2,4.9,20,1,Renunció,0-2 años
EMP-1025,31,Operaciones,Analista,11,6581.0,0,3,3.7,49,1,Renunció,11+ años
EMP-1029,38,Marketing,Supervisor,13,1945.0,0,3,3.2,42,1,Renunció,11+ años
EMP-1038,47,Ventas,Supervisor,9,3362.0,1,1,3.1,8,1,Renunció,6-10 años
EMP-1040,55,TI,Coordinador,14,4022.0,1,1,2.4,59,1,Renunció,11+ años
EMP-1041,44,Finanzas,Asistente,6,2665.0,0,4,4.3,32,1,Renunció,6-10 años
EMP-1042,32,TI,Coordinador,14,2155.0,0,1,3.4,29,1,Renunció,11+ años
EMP-1043,27,Finanzas,Gerente,2,2252.0,1,1,2.4,7,1,Renunció,0-2 años
EMP-1046,57,Finanzas,Analista,14,1626.0,1,2,3.1,6,1,Renunció,11+ años
EMP-1047,55,Ventas,Coordinador,2,2103.0,0,4,4.7,28,1,Renunció,0-2 años
EMP-1049,46,RRHH,Supervisor,11,2220.0,0,4,3.6,42,1,Renunció,11+ años
EMP-1052,43,Operaciones,Gerente,12,3953.0,1,4,3.9,45,1,Renunció,11+ años
EMP-1053,42,Ventas,Coordinador,18,1749.0,0,2,2.7,42,1,Renunció,11+ años
EMP-1061,31,Ventas,Supervisor,2,1500.0,0,4,4.7,49,1,Renunció,0-2 años
EMP-1064,42,Ventas,Supervisor,15,2498.0,0,2,4.4,11,1,Renunció,11+ años
EMP-1065,49,Finanzas,Gerente,12,2600.0,0,1,3.9,50,1,Renunció,11+ años
EMP-1066,23,Finanzas,Supervisor,2,3346.0,1,1,2.2,59,1,Renunció,0-2 años
EMP-1067,22,TI,Coordinador,15,4146.0,1,4,4.5,35,1,Renunció,11+ años
EMP-1068,57,Operaciones,Coordinador,8,2293.0,0,4,4.0,58,1,Renunció,6-10 años
EMP-1075,56,TI,Gerente,1,2585.0,1,2,2.4,32,1,Renunció,0-2 años
EMP-1083,40,Finanzas,Asistente,15,2427.0,1,3,3.3,1,1,Renunció,11+ años
EMP-1085,38,Marketing,Coordinador,7,1965.0,0,2,4.2,5,1,Renunció,6-10 años
EMP-1086,55,Ventas,Asistente,16,2388.0,0,2,4.4,10,1,Renunció,11+ años
EMP-1089,23,TI,Coordinador,16,2237.0,0,1,4.4,34,1,Renunció,11+ años
EMP-1094,46,Marketing,Gerente,3,3657.0,0,2,4.2,51,1,Renunció,3-5 años
EMP-1102,38,Operaciones,Gerente,10,1644.0,0,2,4.3,58,1,Renunció,6-10 años
EMP-1108,29,Finanzas,Analista,7,3920.0,1,2,2.4,22,1,Renunció,6-10 años
EMP-1109,52,Marketing,Asistente,19,2844.0,0,3,3.7,55,1,Renunció,11+ años
EMP-1114,27,Finanzas,Analista,15,2666.0,0,1,2.7,17,1,Renunció,11+ años
EMP-1118,46,TI,Asistente,15,2998.0,0,1,2.2,58,1,Renunció,11+ años
EMP-1128,44,RRHH,Analista,1,1842.0,0,4,4.1,36,1,Renunció,0-2 años
EMP-1135,28,RRHH,Analista,12,1604.0,1,1,4.8,31,1,Renunció,11+ años
EMP-1137,29,RRHH,Supervisor,14,2628.0,0,2,2.2,56,1,Renunció,11+ años
EMP-1138,44,RRHH,Analista,10,3619.0,0,4,4.3,4,1,Renunció,6-10 años
EMP-1142,51,Operaciones,Analista,13,12345.0,1,3,2.1,57,1,Renunció,11+ años
EMP-1144,39,Operaciones,Gerente,12,1715.0,0,2,3.3,5,1,Renunció,11+ años
EMP-1147,52,Ventas,Gerente,0,2086.0,1,2,4.9,51,1,Renunció,
EMP-1149,56,TI,Gerente,10,2420.0,0,3,4.2,8,1,Renunció,6-10 años
EMP-1154,36,Operaciones,Analista,18,2977.0,1,3,4.1,41,1,Renunció,11+ años
EMP-1155,25,TI,Analista,19,1500.0,1,1,2.8,7,1,Renunció,11+ años
EMP-1156,50,RRHH,Coordinador,16,2599.0,1,4,3.7,32,1,Renunció,11+ años
EMP-1159,34,RRHH,Supervisor,1,3175.0,1,2,3.5,51,1,Renunció,0-2 años
EMP-1161,54,RRHH,Asistente,7,2790.0,1,2,3.8,37,1,Renunció,6-10 años
EMP-1166,51,Finanzas,Supervisor,15,3398.0,0,1,4.3,19,1,Renunció,11+ años
EMP-1168,34,RRHH,Coordinador,12,1500.0,0,3,3.6,28,1,Renunció,11+ años
EMP-1169,39,Finanzas,Coordinador,13,2026.0,0,4,5.0,17,1,Renunció,11+ años
EMP-1172,56,Marketing,Gerente,7,1500.0,1,2,3.9,31,1,Renunció,6-10 años
EMP-1175,37,RRHH,Analista,5,1500.0,1,1,3.1,10,1,Renunció,3-5 años
EMP-1178,46,RRHH,Supervisor,10,1500.0,0,4,4.7,3,1,Renunció,6-10 años
EMP-1183,24,Finanzas,Supervisor,0,2443.0,0,3,2.4,20,1,Renunció,
EMP-1185,51,Finanzas,Gerente,12,1513.0,0,3,2.6,29,1,Renunció,11+ años
EMP-1187,39,Operaciones,Supervisor,17,2561.0,1,3,4.7,50,1,Renunció,11+ años
EMP-1188,46,Operaciones,Gerente,18,1724.0,0,1,3.6,57,1,Renunció,11+ años
EMP-1190,36,TI,Analista,7,3096.0,1,1,2.4,39,1,Renunció,6-10 años
EMP-1192,36,RRHH,Gerente,9,2131.0,0,1,4.1,21,1,Renunció,6-10 años
EMP-1196,27,Ventas,Gerente,19,3086.0,1,1,4.2,32,1,Renunció,11+ años
EMP-1209,47,Ventas,Coordinador,1,2580.0,0,1,2.1,53,1,Renunció,0-2 años
EMP-1217,41,Ventas,Analista,10,2524.0,0,3,2.3,7,1,Renunció,6-10 años
EMP-1219,39,TI,Analista,1,2208.0,0,2,2.9,44,1,Renunció,0-2 años
EMP-1223,53,Finanzas,Analista,0,3963.0,1,4,4.9,45,1,Renunció,
EMP-1225,34,Marketing,Asistente,17,2360.0,1,1,2.8,44,1,Renunció,11+ años
EMP-1226,46,RRHH,Coordinador,16,2419.0,0,3,2.9,12,1,Renunció,11+ años
EMP-1227,30,Operaciones,Analista,19,1595.0,1,2,2.8,22,1,Renunció,11+ años
EMP-1234,50,Marketing,Coordinador,10,3643.0,0,1,3.0,20,1,Renunció,6-10 años
EMP-1235,30,Ventas,Coordinador,1,1692.0,0,3,3.6,44,1,Renunció,0-2 años
EMP-1236,24,Finanzas,Gerente,15,3850.0,1,4,4.0,27,1,Renunció,11+ años
EMP-1239,33,TI,Coordinador,18,1500.0,0,2,3.7,42,1,Renunció,11+ años
EMP-1242,46,TI,Analista,8,1950.0,0,2,3.9,41,1,Renunció,6-10 años
EMP-1243,26,TI,Asistente,0,1683.0,0,1,2.8,34,1,Renunció,
EMP-1246,45,Marketing,Analista,0,1796.0,1,4,4.7,57,1,Renunció,
EMP-1251,39,Marketing,Gerente,17,2118.0,0,1,3.9,15,1,Renunció,11+ años
EMP-1258,53,TI,Coordinador,10,2016.0,0,1,3.3,32,1,Renunció,6-10 años
EMP-1259,50,RRHH,Coordinador,6,2740.0,1,4,2.6,33,1,Renunció,6-10 años
EMP-1264,54,Operaciones,Asistente,19,2997.0,1,3,3.9,10,1,Renunció,11+ años
EMP-1265,27,Ventas,Asistente,8,2643.0,0,2,4.5,36,1,Renunció,6-10 años
EMP-1269,49,Ventas,Coordinador,8,2882.0,1,2,2.9,5,1,Renunció,6-10 años
EMP-1272,46,RRHH,Analista,3,1500.0,1,1,3.1,17,1,Renunció,3-5 años
EMP-1275,28,Finanzas,Asistente,14,5821.0,1,3,4.7,17,1,Renunció,11+ años
EMP-1279,31,Operaciones,Asistente,4,2501.0,0,2,2.5,15,1,Renunció,3-5 años
EMP-1284,57,Operaciones,Gerente,1,3592.0,0,2,2.8,25,1,Renunció,0-2 años
EMP-1286,35,TI,Asistente,3,2658.0,1,2,3.3,21,1,Renunció,3-5 años
EMP-1287,34,RRHH,Analista,9,3107.0,0,1,2.4,55,1,Renunció,6-10 años
EMP-1292,34,RRHH,Gerente,2,2745.0,1,2,3.6,32,1,Renunció,0-2 años
EMP-1293,48,RRHH,Coordinador,15,2503.0,1,1,2.1,21,1,Renunció,11+ años
EMP-1296,55,Marketing,Asistente,10,3957.0,0,1,3.3,19,1,Renunció,6-10 años
EMP-1299,27,Finanzas,Analista,9,1659.0,0,3,2.1,34,1,Renunció,6-10 años
EMP-1303,31,Marketing,Asistente,11,2264.0,0,4,4.6,34,1,Renunció,11+ años
EMP-1305,55,RRHH,Gerente,9,2331.0,0,2,4.1,19,1,Renunció,6-10 años
EMP-1308,51,Ventas,Asistente,6,2678.0,0,2,3.3,30,1,Renunció,6-10 años
EMP-1311,25,Marketing,Gerente,7,2749.0,1,2,2.8,44,1,Renunció,6-10 años
EMP-1313,53,Ventas,Coordinador,13,2379.0,0,2,3.0,13,1,Renunció,11+ años
EMP-1314,57,RRHH,Analista,18,2119.0,0,4,2.4,15,1,Renunció,11+ años
EMP-1321,31,Operaciones,Coordinador,1,3228.0,0,1,4.0,36,1,Renunció,0-2 años
EMP-1322,22,Operaciones,Analista,12,2128.0,0,1,2.3,53,1,Renunció,11+ años
EMP-1328,33,Ventas,Supervisor,17,1500.0,0,1,4.1,23,1,Renunció,11+ años
EMP-1332,28,Marketing,Coordinador,18,1985.0,1,1,3.3,7,1,Renunció,11+ años
EMP-1335,54,Finanzas,Analista,15,1705.0,1,2,3.9,14,1,Renunció,11+ años
EMP-1338,53,Marketing,Gerente,14,2424.0,1,1,3.5,3,1,Renunció,11+ años
EMP-1340,44,Ventas,Gerente,2,3787.0,0,2,4.0,51,1,Renunció,0-2 años
EMP-1344,50,RRHH,Gerente,5,3215.0,0,4,4.1,8,1,Renunció,3-5 años
EMP-1346,38,RRHH,Asistente,6,3431.0,1,4,2.5,51,1,Renunció,6-10 años
EMP-1347,56,Ventas,Supervisor,18,1571.0,1,4,4.1,4,1,Renunció,11+ años
EMP-1349,36,Marketing,Asistente,15,1568.0,0,4,2.8,16,1,Renunció,11+ años
EMP-1352,32,Operaciones,Asistente,18,1500.0,0,1,4.6,6,1,Renunció,11+ años
EMP-1353,53,RRHH,Analista,7,2440.0,1,2,3.9,55,1,Renunció,6-10 años
EMP-1354,23,Operaciones,Gerente,17,1981.0,0,1,3.4,57,1,Renunció,11+ años
EMP-1359,48,Marketing,Asistente,16,3235.0,1,2,3.1,29,1,Renunció,11+ años
EMP-1360,24,Marketing,Supervisor,12,2809.0,1,4,3.8,3,1,Renunció,11+ años
EMP-1363,50,Marketing,Gerente,9,3349.0,0,2,4.9,28,1,Renunció,6-10 años
EMP-1364,42,Ventas,Gerente,1,2928.0,0,2,2.3,10,1,Renunció,0-2 años
EMP-1365,37,Marketing,Supervisor,3,1500.0,1,4,3.0,50,1,Renunció,3-5 años
EMP-1371,22,Finanzas,Asistente,10,4027.0,1,1,3.0,33,1,Renunció,6-10 años
EMP-1381,48,Ventas,Coordinador,7,2141.0,1,2,4.4,57,1,Renunció,6-10 años
EMP-1384,38,Operaciones,Analista,15,2413.0,0,1,2.7,32,1,Renunció,11+ años
EMP-1387,36,TI,Coordinador,12,2613.0,1,4,2.6,56,1,Renunció,11+ años
EMP-1389,28,Finanzas,Gerente,7,1929.0,1,3,2.9,21,1,Renunció,6-10 años
EMP-1392,45,Operaciones,Asistente,2,2310.0,0,4,4.8,51,1,Renunció,0-2 años
EMP-1393,24,Marketing,Gerente,12,1581.0,0,4,2.3,21,1,Renunció,11+ años
EMP-1396,46,TI,Analista,0,2469.0,0,1,2.2,43,1,Renunció,
EMP-1398,35,Finanzas,Coordinador,5,2482.0,0,2,4.4,6,1,Renunció,3-5 años
EMP-1399,28,Marketing,Supervisor,6,1500.0,0,2,3.8,9,1,Renunció,6-10 años
EMP-1404,43,Ventas,Gerente,0,2235.0,0,2,3.8,6,1,Renunció,
EMP-1405,23,Finanzas,Supervisor,17,2811.0,0,2,2.1,1,1,Renunció,11+ años
EMP-1406,45,RRHH,Coordinador,3,2185.0,1,2,3.8,22,1,Renunció,3-5 años
EMP-1412,42,Operaciones,Coordinador,4,2713.0,1,2,4.0,6,1,Renunció,3-5 años
EMP-1414,51,RRHH,Supervisor,2,6035.0,1,1,4.1,20,1,Renunció,0-2 años
EMP-1415,39,Marketing,Gerente,19,2529.0,0,1,2.5,21,1,Renunció,11+ años
EMP-1420,54,Ventas,Coordinador,15,2633.0,1,3,4.6,56,1,Renunció,11+ años
EMP-1423,43,Marketing,Gerente,17,2063.0,1,2,4.5,23,1,Renunció,11+ años
EMP-1430,43,Marketing,Asistente,14,4365.0,1,1,2.8,14,1,Renunció,11+ años
EMP-1431,49,TI,Analista,17,2497.0,1,4,3.1,37,1,Renunció,11+ años
EMP-1432,41,RRHH,Supervisor,3,2930.0,1,2,2.2,55,1,Renunció,3-5 años
EMP-1433,54,RRHH,Asistente,7,2690.0,1,1,4.1,32,1,Renunció,6-10 años
EMP-1436,54,Ventas,Coordinador,14,3309.0,1,4,2.0,41,1,Renunció,11+ años
EMP-1437,23,Ventas,Gerente,12,3441.0,0,1,3.9,44,1,Renunció,11+ años
EMP-1438,54,Finanzas,Supervisor,8,3409.0,1,2,3.3,51,1,Renunció,6-10 años
EMP-1443,34,RRHH,Asistente,12,3139.0,0,2,4.8,21,1,Renunció,11+ años
EMP-1444,47,Finanzas,Gerente,0,2116.0,0,4,3.3,16,1,Renunció,
EMP-1446,23,Ventas,Coordinador,14,4390.0,1,2,2.2,43,1,Renunció,11+ años
EMP-1450,32,Ventas,Coordinador,17,2016.0,1,2,2.8,19,1,Renunció,11+ años
EMP-1451,24,Marketing,Analista,6,2783.0,0,2,3.3,48,1,Renunció,6-10 años
EMP-1452,27,Ventas,Asistente,5,1768.0,0,1,4.4,32,1,Renunció,3-5 años
EMP-1455,30,Operaciones,Supervisor,1,1500.0,1,2,4.4,11,1,Renunció,0-2 años
EMP-1458,33,TI,Supervisor,13,1591.0,1,2,2.9,50,1,Renunció,11+ años
EMP-1466,37,Marketing,Coordinador,16,3757.0,1,2,4.3,46,1,Renunció,11+ años
EMP-1467,25,Ventas,Asistente,15,1500.0,0,4,2.9,44,1,Renunció,11+ años
EMP-1471,24,Ventas,Supervisor,1,1816.0,0,3,3.4,40,1,Renunció,0-2 años
EMP-1474,39,RRHH,Supervisor,6,1697.0,1,1,4.6,14,1,Renunció,6-10 años
EMP-1475,33,RRHH,Asistente,4,2121.0,0,2,2.7,17,1,Renunció,3-5 años
EMP-1477,33,Finanzas,Coordinador,19,3344.0,0,3,3.5,51,1,Renunció,11+ años
EMP-1484,53,Finanzas,Asistente,4,1500.0,1,2,3.9,55,1,Renunció,3-5 años
EMP-1489,43,Finanzas,Coordinador,3,2641.0,0,4,3.8,42,1,Renunció,3-5 años
EMP-1490,53,Finanzas,Gerente,1,1792.0,1,3,2.2,42,1,Renunció,0-2 años
EMP-1491,24,Finanzas,Analista,5,2605.0,0,4,4.3,52,1,Renunció,3-5 años
EMP-1493,31,Finanzas,Coordinador,0,5578.0,0,1,3.0,11,1,Renunció,
EMP-1494,56,Ventas,Asistente,17,2848.0,1,3,3.3,54,1,Renunció,11+ años
